oldId,newId,title,releaseDate
"24","1","ときめきエクスペリエンス！","2017-03-16T00:00:00.000+09:00"
"25","2","キラキラだとか夢だとか ～Sing Girls～","2017-03-16T00:00:00.000+09:00"
"1","3","Yes! BanG_Dream!","2017-03-16T00:00:00.000+09:00"
"4","4","ティアドロップス","2017-03-16T00:00:00.000+09:00"
"3","5","ぽっぴん’しゃっふる","2017-03-16T00:00:00.000+09:00"
"2","6","STAR BEAT!〜ホシノコドウ〜","2017-03-16T00:00:00.000+09:00"
"5","7","夏空 SUN! SUN! SEVEN!","2017-03-16T00:00:00.000+09:00"
"12","8","走り始めたばかりのキミに","2017-03-16T00:00:00.000+09:00"
"13","9","1000回潤んだ空","2017-03-16T00:00:00.000+09:00"
"40","10","Happy Happy Party！","2017-03-16T00:00:00.000+09:00"
"26","11","That Is How I Roll!","2017-03-16T00:00:00.000+09:00"
"27","12","True color","2017-03-16T00:00:00.000+09:00"
"32","13","しゅわりん☆どり〜みん","2017-03-16T00:00:00.000+09:00"
"33","14","パスパレボリューションず☆","2017-03-16T00:00:00.000+09:00"
"29","15","BLACK SHOUT","2017-03-16T00:00:00.000+09:00"
"30","16","Re:birth day","2017-03-16T00:00:00.000+09:00"
"35","17","えがおのオーケストラっ！","2017-03-16T00:00:00.000+09:00"
"36","18","ハピネスっ！ハピィーマジカルっ♪","2017-03-16T00:00:00.000+09:00"
"8","19","空色デイズ","2017-03-16T00:00:00.000+09:00"
"10","20","Alchemy","2017-03-16T00:00:00.000+09:00"
"14","21","カルマ","2017-03-16T00:00:00.000+09:00"
"11","22","Butter-Fly","2017-03-16T00:00:00.000+09:00"
"18","23","secret base ～君がくれたもの～","2017-03-16T00:00+09:00"
"19","24","ドリームパレード","2017-03-16T00:00:00.000+09:00"
"17","25","魂のルフラン","2017-03-16T00:00:00.000+09:00"
"16","26","Hacking to the Gate","2017-03-16T00:00:00.000+09:00"
"20","27","シュガーソングとビターステップ","2017-03-16T00:00:00.000+09:00"
"21","28","いーあるふぁんくらぶ","2017-03-16T00:00:00.000+09:00"
"15","29","Don’t say “lazy”","2017-03-20T15:00:00.000+09:00"
"41","30","Don’t be afraid!","2017-03-25T23:00:00.000+09:00"
"42","31","光るなら","2017-03-27T15:00:00.000+09:00"
"43","32","前へススメ！","2017-04-01T23:00:00.000+09:00"
"22","33","シルエット","2017-04-03T15:00:00.000+09:00"
"31","34","LOUDER","2017-04-05T15:00:00.000+09:00"
"44","35","そばかす","2017-04-10T15:00:00.000+09:00"
"37","36","ゴーカ！ごーかい！？ファントムシーフ！","2017-04-13T15:00:00.000+09:00"
"9","37","ETERNAL BLAZE","2017-04-17T12:00:00.000+09:00"
"47","38","キミにもらったもの","2017-04-21T15:00:00.000+09:00"
"45","39","夢みるSunflower","2017-04-22T23:00:00.000+09:00"
"46","40","Little Busters!","2017-04-24T15:00:00.000+09:00"
"48","41","正解はひとつ!じゃない!!","2017-04-30T22:00:00.000+09:00"
"49","42","天体観測","2017-05-02T15:00:00.000+09:00"
"28","43","Scarlet Sky","2017-05-11T15:00:00.000+09:00"
"50","44","MOON PRIDE","2017-05-23T15:00:00.000+09:00"
"34","45","はなまる◎アンダンテ","2017-05-31T15:00:00.000+09:00"
"51","46","どきどきSING OUT!","2017-06-05T12:00:00.000+09:00"
"52","47","ハッピーサマーウェディング","2017-06-10T15:00:00.000+09:00"
"53","48","陽だまりロードナイト","2017-06-21T15:00:00.000+09:00"
"55","49","紅蓮の弓矢","2017-06-30T15:00:00.000+09:00"
"7","50","God knows...","2017-07-11T15:00:00.000+09:00"
"57","51","花園電気ギター！！！","2017-07-19T12:00:00.000+09:00"
"54","52","great escape","2017-07-25T15:00:00.000+09:00"
"60","53","ゆら・ゆらRing-Dong-Dance","2017-07-29T21:00:00.000+09:00"
"59","54","ふわふわ時間","2017-07-31T15:00:00.000+09:00"
"61","55","夏のドーン！","2017-08-10T15:00:00.000+09:00"
"62","56","ひまわりの約束","2017-08-12T15:00:00.000+09:00"
"63","57","The Everlasting Guilty Crown","2017-08-18T15:00:00.000+09:00"
"64","58","八月のif","2017-08-19T15:00:00.000+09:00"
"56","59","熱色スターマイン","2017-08-25T15:00:00.000+09:00"
"67","60","only my railgun","2017-08-26T15:00:00.000+09:00"
"58","61","チョコレイトの低音レシピ","2017-08-28T12:00:00.000+09:00"
"65","62","Hey-day狂騒曲（カプリチオ）","2017-08-29T21:00:00.000+09:00"
"66","63","アスノヨゾラ哨戒班","2017-08-31T15:00:00.000+09:00"
"73","64","Time Lapse","2017-09-10T15:00:00.000+09:00"
"69","65","せかいのっびのびトレジャー！","2017-09-19T21:00:00.000+09:00"
"70","66","SURVIVOR ねばーぎぶあっぷ！","2017-09-21T15:00:00.000+09:00"
"68","67","YAPPY！SCHOOL CARNIVAL☆彡","2017-09-24T17:00:00.000+09:00"
"71","68","Red fraction","2017-09-25T15:00:00.000+09:00"
"72","69","はなまるぴっぴはよいこだけ","2017-09-30T15:00:00.000+09:00"
"74","70","遠い音楽～ハートビート～","2017-10-04T12:00:00.000+09:00"
"75","71","－HEROIC ADVENT－","2017-10-08T15:00:00.000+09:00"
"76","72","Determination Symphony","2017-10-18T21:00:00.000+09:00"
"77","73","ロメオ","2017-10-20T15:00:00.000+09:00"
"78","74","READY STEADY GO","2017-10-27T15:00:00.000+09:00"
"79","75","世界は恋に落ちている","2017-10-31T15:00:00.000+09:00"
"80","76","す、好きなんかじゃない！","2017-11-06T12:00:00.000+09:00"
"81","77","千本桜","2017-11-19T21:00:00.000+09:00"
"82","78","恋は渾沌の隷也","2017-11-21T15:00:00.000+09:00"
"91","79","クリスマスのうた","2017-11-30T15:00:00.000+09:00"
"92","80","B.O.F","2017-12-06T15:00:00.000+09:00"
"93","81","Y.O.L.O！！！！！","2017-12-09T15:00:00.000+09:00"
"84","82","深愛","2017-12-18T15:00:00.000+09:00"
"94","83","わちゃ・もちゃ・ぺったん行進曲","2017-12-20T15:00:00.000+09:00"
"85","84","ハッピーシンセサイザ","2017-12-30T15:00:00.000+09:00"
"88","85","Dragon Night","2017-12-31T15:00:00.000+09:00"
"87","86","残酷な天使のテーゼ","2018-01-01T15:00:00.000+09:00"
"89","87","Redo","2018-01-02T15:00:00.000+09:00"
"86","88","君じゃなきゃダメみたい","2018-01-03T15:00:00.000+09:00"
"95","89","CiRCLING","2018-01-10T15:00:00.000+09:00"
"90","90","クインティプル☆すまいる","2018-01-12T12:00:00.000+09:00"
"96","91","ONENESS","2018-01-13T15:00:00.000+09:00"
"97","92","Opera of the wasteland","2018-01-22T15:00:00.000+09:00"
"83","93","プライド革命","2018-01-24T15:00:00.000+09:00"
"100","94","メランコリック","2018-01-31T15:00:00.000+09:00"
"101","95","SAKURAスキップ","2018-02-17T21:00:00.000+09:00"
"106","96","Wonderland Girl","2018-02-19T15:00:00.000+09:00"
"105","97","Shangri-La","2018-02-23T15:00:00.000+09:00"
"107","98","fantastic dreamer","2018-02-28T15:00:00.000+09:00"
"108","99","ハレ晴レユカイ","2018-03-10T15:00:00.000+09:00"
"109","100","This game","2018-03-16T23:30:00.000+09:00"
"110","101","GLAMOROUS SKY","2018-03-18T15:00:00.000+09:00"
"113","102","Jamboree!Journey!","2018-03-21T15:00:00.000+09:00"
"111","103","軌跡","2018-03-31T15:00:00.000+09:00"
"125","104","天下トーイツA to Z☆","2018-04-18T21:00:00.000+09:00"
"123","105","ふわふわ☆ゆめいろサンドイッチ","2018-04-20T15:00:00.000+09:00"
"112","106","Light Delight","2018-04-21T15:00:00.000+09:00"
"115","107","私の心はチョココロネ","2018-04-23T12:00:00.000+09:00"
"124","108","みくみくにしてあげる♪【してやんよ】","2018-04-25T15:00:00.000+09:00"
"122","109","二重の虹(ダブル レインボウ)","2018-04-30T15:00:00.000+09:00"
"116","110","気まぐれロマンティック","2018-05-03T15:00:00.000+09:00"
"126","111","Believe in my existence","2018-05-05T15:00:00.000+09:00"
"117","112","イマジネーション","2018-05-10T15:00:00.000+09:00"
"118","113","Neo-Aspect","2018-05-21T15:00:00.000+09:00"
"119","114","Legendary","2018-05-26T15:00:00.000+09:00"
"127","115","太陽曰く燃えよカオス","2018-05-31T15:00:00.000+09:00"
"128","116","六兆年と一夜物語","2018-06-04T15:00:00.000+09:00"
"129","117","Fantastic future","2018-06-10T15:00:00.000+09:00"
"130","118","最高(さあ行こう)！","2018-06-16T15:00:00.000+09:00"
"104","119","もういちど ルミナス","2018-06-20T15:00:00.000+09:00"
"120","120","DAYS","2018-06-30T15:00:00.000+09:00"
"131","121","ピコっと！パピっと！！ガルパ☆ピコ！！！","2018-07-05T12:00:00.000+09:00"
"132","122","ハイファイブ∞あどべんちゃっ","2018-07-10T15:00:00.000+09:00"
"135","123","Life Will Change","2018-07-20T15:00:00.000+09:00"
"134","124","Reach Out To The Truth","2018-07-20T15:00:00.000+09:00"
"133","125","キミの記憶","2018-07-20T15:00:00.000+09:00"
"136","126","夏祭り","2018-07-31T15:00:00.000+09:00"
"121","127","COMIC PANIC!!!","2018-08-03T12:00:00.000+09:00"
"137","128","シャルル","2018-08-05T15:00:00.000+09:00"
"141","129","GO! GO! MANIAC","2018-08-18T21:00:00.000+09:00"
"142","130","Sanctuary","2018-08-20T15:00:00.000+09:00"
"140","131","ロストワンの号哭","2018-08-24T15:00:00.000+09:00"
"139","132","エイリアンエイリアン","2018-08-25T15:00:00.000+09:00"
"138","133","ロミオとシンデレラ","2018-08-26T15:00:00.000+09:00"
"143","134","ガールズコード","2018-08-31T15:00:00.000+09:00"
"144","135","ツナグ、ソラモヨウ","2018-09-10T15:00:00.000+09:00"
"145","136","DISCOTHEQUE","2018-09-15T15:00:00.000+09:00"
"147","137","ひとりじゃないんだから","2018-09-23T15:00:00.000+09:00"
"146","138","新宝島","2018-09-28T21:00:00.000+09:00"
"148","139","ゼッタイ宣言～Recital～","2018-09-30T15:00:00.000+09:00"
"149","140","R","2018-10-05T15:00:00.000+09:00"
"150","141","キミがいなくちゃっ！","2018-10-10T15:00:00.000+09:00"
"151","142","君に届け","2018-10-29T21:00:00.000+09:00"
"152","143","ゆりゆららららゆるゆり大事件","2018-10-31T15:00:00.000+09:00"
"153","144","PASSIONATE ANTHEM","2018-11-10T15:00:00.000+09:00"
"154","145","Crow Song","2018-11-16T15:00:00.000+09:00"
"155","146","Home Street","2018-11-21T15:00:00.000+09:00"
"156","147","ランブリングメモリー","2018-11-30T15:00:00.000+09:00"
"158","148","キズナミュージック♪","2018-12-12T15:00:00.000+09:00"
"159","149","BRAVE JEWEL","2018-12-12T15:00:00.000+09:00"
"160","150","R·I·O·T","2018-12-12T15:00:00.000+09:00"
"157","151","エクストラ・マジック・アワー","2018-12-18T21:00:00.000+09:00"
"161","152","ツキアカリのミチシルベ","2018-12-20T15:00:00.000+09:00"
"162","153","奏（かなで）","2018-12-24T15:00:00.000+09:00"
"163","154","瞬間センチメンタル","2018-12-30T15:00:00.000+09:00"
"164","155","Wake up!","2018-12-31T15:00:00.000+09:00"
"165","156","名前のない怪物","2019-01-01T15:00:00.000+09:00"
"166","157","回レ！雪月花","2019-01-02T15:00:00.000+09:00"
"167","158","Q＆A　リサイタル！","2019-01-03T15:00:00.000+09:00"
"168","159","Safe and Sound","2019-01-10T15:00:00.000+09:00"
"170","160","Jumpin'","2019-01-17T15:00:00.000+09:00"
"169","161","ぎゅっDAYS♪","2019-01-19T21:00:00.000+09:00"
"171","162","はれやか すこやか ぴかりんりん♪","2019-01-21T15:00:00.000+09:00"
"172","163","らしさ","2019-01-31T15:00:00.000+09:00"
"173","164","夜行性ハイズ","2019-02-04T15:00:00.000+09:00"
"174","165","オトモダチフィルム","2019-02-17T21:00:00.000+09:00"
"175","166","Ringing Bloom","2019-02-19T15:00:00.000+09:00"
"176","167","Baby Sweet Berry Love","2019-02-28T15:00:00.000+09:00"
"177","168","SAKURA MEMORIES","2019-03-08T15:00:00.000+09:00"
"178","169","革命デュアリズム","2019-03-16T15:00:00.000+09:00"
"179","170","檄！帝国華撃団","2019-03-17T15:00:00.000+09:00"
"180","171","Returns","2019-03-22T15:00:00.000+09:00"
"181","172","NO GIRL NO CRY","2019-03-25T15:00:00.000+09:00"
"182","173","Dreamers Go!","2019-03-29T15:00:00.000+09:00"
"183","174","StaRt","2019-03-31T15:00:00.000+09:00"
"184","175","ON YOUR MARK","2019-04-05T15:00:00.000+09:00"
"186","176","きゅ〜まい＊flower","2019-04-12T15:00:00.000+09:00"
"185","177","いつも通りのBrand new days","2019-04-18T21:00:00.000+09:00"
"188","178","緋色の空","2019-04-20T15:00:00.000+09:00"
"187","179","FIRE BIRD","2019-04-22T15:00:00.000+09:00"
"189","180","えがお･シング･あ･ソング","2019-04-26T15:00:00.000+09:00"
"190","181","Daydream café","2019-04-26T15:00:00.000+09:00"
"191","182","ノーポイッ！","2019-04-27T15:00:00.000+09:00"
"192","183","ときめきポポロン♪","2019-04-28T15:00:00.000+09:00"
"193","184","ワクワクmeetsトリップ","2019-04-30T15:00:00.000+09:00"
"194","185","UNSTOPPABLE","2019-05-03T15:00:00.000+09:00"
"196","186","チェリボム","2019-05-13T15:00:00.000+09:00"
"195","187","午夜の待ち合わせ","2019-05-19T21:00:00.000+09:00"
"197","188","にこ×にこ＝ハイパースマイルパワー！","2019-05-21T15:00:00.000+09:00"
"198","189","春擬き","2019-05-31T15:00:00.000+09:00"
"199","190","ディスカバリー！","2019-06-07T12:00:00.000+09:00"
"200","191","約束","2019-06-18T21:00:00.000+09:00"
"201","192","恋愛裁判","2019-06-20T15:00:00.000+09:00"
"202","193","アニバーサリー","2019-06-30T15:00:00.000+09:00"
"205","194","青い栞","2019-07-13T15:00:00.000+09:00"
"206","195","1/3の純情な感情","2019-07-14T22:00:00.000+09:00"
"204","196","海色","2019-07-19T21:00:00.000+09:00"
"208","197","上海ハニー","2019-07-20T15:00:00.000+09:00"
"207","198","Easy come, Easy go！","2019-07-21T15:00:00.000+09:00"
"209","199","ミュージック・アワー","2019-07-27T15:00:00.000+09:00"
"210","200","あっつあつ 常夏 らぶ☆サマー！","2019-07-31T15:00:00.000+09:00"
"211","201","切ないSandglass","2019-08-18T21:00:00.000+09:00"
"212","202","スマイルブーケで た〜まや〜！","2019-08-20T15:00:00.000+09:00"
"213","203","からくりピエロ","2019-08-23T15:00:00.000+09:00"
"214","204","“UNIONS” Road","2019-08-31T15:00:00.000+09:00"
"217","205","[FULL] 二重の虹(ダブル レインボウ)","2019-09-10T15:00:00.000+09:00"
"215","206","アイのシナリオ","2019-09-18T21:00:00.000+09:00"
"218","207","ファティマ","2019-09-20T15:00:00.000+09:00"
"219","208","Hello! Wink!","2019-09-30T15:00:00.000+09:00"
"220","209","What's the POPIPA!?","2019-10-03T15:00:00.000+09:00"
"221","210","コレカラ","2019-10-19T21:00:00.000+09:00"
"222","211","Sasanqua","2019-10-21T15:00:00.000+09:00"
"223","212","[FULL] ON YOUR MARK","2019-10-25T15:00:00.000+09:00"
"224","213","激動","2019-10-26T21:00:00.000+09:00"
"225","214","ブルーバード","2019-10-31T15:00:00.000+09:00"
"226","215","ゆめゆめグラデーション","2019-11-11T15:00:00.000+09:00"
"228","216","Stay Alive","2019-11-20T15:00:00.000+09:00"
"227","217","Paradisus-Paradoxum","2019-11-20T15:00:00.000+09:00"
"229","218","[FULL] きゅ〜まい＊flower","2019-11-23T15:00:00.000+09:00"
"230","219","おもいでイルミネーション","2019-11-30T15:00:00.000+09:00"
"231","220","全力少年","2019-12-10T15:00:00.000+09:00"
"232","221","イニシャル","2019-12-12T21:00:00.000+09:00"
"234","222","White Afternoon","2019-12-24T15:00:00.000+09:00"
"235","223","[FULL] えがお･シング･あ･ソング","2019-12-24T15:00:00.000+09:00"
"233","224","天ノ弱","2019-12-29T21:00:00.000+09:00"
"236","225","創聖のアクエリオン","2019-12-31T15:00:00.000+09:00"
"237","226","GO!!!","2020-01-01T15:00:00.000+09:00"
"238","227","花ハ踊レヤいろはにほ","2020-01-02T15:00:00.000+09:00"
"239","228","夢を撃ち抜く瞬間に！","2020-01-08T15:00:00.000+09:00"
"240","229","開けたらDream!","2020-01-10T15:00:00.000+09:00"
"243","230","[FULL] FIRE BIRD","2020-01-23T15:00:00.000+09:00"
"241","231","甲賀忍法帖","2020-01-29T21:00:00.000+09:00"
"242","232","Wonderful Sweet!","2020-01-31T15:00:00.000+09:00"
"244","233","Step×Step！","2020-02-07T15:00:00.000+09:00"
"245","234","Song I am.","2020-02-10T15:00:00.000+09:00"
"246","235","ドレミファロンド","2020-02-20T15:00:00.000+09:00"
"248","236","TWiNKLE CiRCLE","2020-02-22T15:00:00.000+09:00"
"249","237","[FULL] キズナミュージック♪","2020-02-23T15:00:00.000+09:00"
"250","238","Break your desire","2020-02-25T15:00:00.000+09:00"
"251","239","I love your way！","2020-02-29T15:00:00.000+09:00"
"252","240","インフェルノ","2020-03-08T15:00:00.000+09:00"
"255","241","Daylight -デイライト-","2020-03-15T17:00:00.000+09:00"
"256","242","金色へのプレリュード","2020-03-15T17:00:00.000+09:00"
"253","243","ロキ","2020-03-15T17:00:00.000+09:00"
"254","244","POP TEAM EPIC","2020-03-15T17:00:00.000+09:00"
"257","245","メリッサ","2020-03-15T17:00:00.000+09:00"
"258","246","Bad Apple!! feat. nomico","2020-03-21T15:00:00.000+09:00"
"259","247","chAngE","2020-03-21T15:00:00.000+09:00"
"261","248","群青日和","2020-03-28T15:00:00.000+09:00"
"260","249","ルカルカ★ナイトフィーバー","2020-03-28T15:00:00.000+09:00"
"262","250","うぃーきゃん☆フレフレっ！","2020-03-31T15:00:00.000+09:00"
"263","251","ブルームブルーム","2020-04-10T15:00:00.000+09:00"
"264","252","Winking☆Cheer","2020-04-20T15:00:00.000+09:00"
"265","253","ミライトレイン","2020-04-24T15:00:00.000+09:00"
"266","254","Avant-garde HISTORY","2020-04-24T15:00:00.000+09:00"
"203","255","A DECLARATION OF ×××","2020-04-25T15:00:00.000+09:00"
"267","256","UNION","2020-04-30T15:00:00.000+09:00"
"268","257","大盛り一丁！ガルパ☆ピコ","2020-05-07T12:00:00.000+09:00"
"269","258","秒針を噛む","2020-05-10T15:00:00.000+09:00"
"270","259","RED RED RED","2020-05-29T21:00:00.000+09:00"
"271","260","Blessing Chord","2020-05-31T15:00:00.000+09:00"
"247","261","EXPOSE ‘Burn out!!!’","2020-06-10T15:00:00.000+09:00"
"272","262","ヒトリノ夜","2020-06-10T15:00:00.000+09:00"
"274","263","ノスタルジックレインフォール","2020-06-20T15:00:00.000+09:00"
"278","264","Breakthrough!","2020-06-24T15:00:00.000+09:00"
"275","265","final phase","2020-06-30T15:00:00.000+09:00"
"276","266","LEVEL5 -judgelight-","2020-06-30T15:00:00.000+09:00"
"277","267","カサブタ","2020-07-05T15:00:00.000+09:00"
"279","268","flame of hope","2020-07-11T15:00:00.000+09:00"
"280","269","えがお、み～っけた！","2020-07-21T15:00:00.000+09:00"
"281","270","右肩の蝶","2020-07-28T15:00:00.000+09:00"
"282","271","深海少女","2020-07-29T15:00:00.000+09:00"
"283","272","劣等上等","2020-07-30T15:00:00.000+09:00"
"284","273","I knew it!","2020-07-31T15:00:00.000+09:00"
"285","274","ウィーアー！","2020-08-11T15:00:00.000+09:00"
"286","275","青と夏","2020-08-21T15:00:00.000+09:00"
"288","276","Beautiful Birthday","2020-08-31T15:00:00.000+09:00"
"289","277","!NVADE SHOW!","2020-08-31T15:00:00.000+09:00"
"287","278","恋しさと せつなさと 心強さと","2020-08-31T15:00:00.000+09:00"
"290","279","Power of LOVE!!!","2020-09-10T15:00:00.000+09:00"
"291","280","ZEAL of proud","2020-09-20T15:00:00.000+09:00"
"296","281","セツナトリップ","2020-09-30T15:00:00.000+09:00"
"295","282","Nevereverland","2020-10-07T22:00:00.000+09:00"
"293","283","ONE OF US","2020-10-10T15:00:00.000+09:00"
"294","284","Photograph","2020-10-29T21:00:00.000+09:00"
"298","285","DANCE! おジャ魔女","2020-10-31T15:00:00.000+09:00"
"297","286","おジャ魔女カーニバル!!","2020-10-31T15:00:00.000+09:00"
"299","287","Rolling star","2020-11-05T15:00:00.000+09:00"
"300","288","ハーモニー・デイ","2020-11-10T15:00:00.000+09:00"
"301","289","mind of Prominence","2020-11-20T15:00:00.000+09:00"
"302","290","sister's noise","2020-11-30T15:00:00.000+09:00"
"303","291","TITLE IDOL","2020-12-13T15:00:00.000+09:00"
"305","292","好き！雪！本気マジック","2020-12-24T15:00:00.000+09:00"
"292","293","ブリキノダンス","2020-12-26T15:00:00.000+09:00"
"304","294","SENSENFUKOKU","2020-12-29T21:00:00.000+09:00"
"306","295","SAVIOR OF SONG","2020-12-30T15:00:00.000+09:00"
"307","296","ムーンライト伝説","2020-12-31T15:00:00.000+09:00"
"308","297","ドラマツルギー","2021-01-01T15:00:00.000+09:00"
"311","298","CQCQ","2021-01-04T15:00:00.000+09:00"
"309","299","Northern lights","2021-01-10T15:00:00.000+09:00"
"310","300","Keep Heart","2021-01-21T15:00:00.000+09:00"
"312","301","Sweets BAN!","2021-01-31T15:00:00.000+09:00"
"313","302","にこにこねくと！","2021-02-10T15:00:00.000+09:00"
"314","303","OUTSIDER RODEO","2021-02-19T15:00:00.000+09:00"
"315","304","Make it!","2021-02-28T15:00:00.000+09:00"
"316","305","オレンジ","2021-03-07T15:00:00.000+09:00"
"318","306","イエスタデイ","2021-03-15T17:00:00.000+09:00"
"317","307","夜に駆ける","2021-03-15T17:00:00.000+09:00"
"319","308","サムライハート(Some Like It Hot!!)","2021-03-17T15:00:00.000+09:00"
"320","309","SHINY DAYS","2021-03-18T15:00:00.000+09:00"
"321","310","アゲハ蝶","2021-03-19T15:00:00.000+09:00"
"322","311","DAYBREAK FRONTLINE","2021-03-20T15:00:00.000+09:00"
"323","312","Synchrogazer","2021-03-21T15:00:00.000+09:00"
"324","313","るんっ♪てぃてぃー！","2021-03-31T15:00:00.000+09:00"
"325","314","EXIST","2021-04-06T15:00:00.000+09:00"
"326","315","Live Beyond!!","2021-04-09T15:00:00.000+09:00"
"327","316","Sonorous","2021-04-20T15:00:00.000+09:00"
"328","317","Proud of oneself","2021-04-23T15:00:00.000+09:00"
"329","318","V.I.P","2021-04-29T15:00:00.000+09:00"
"330","319","Original Call","2021-04-30T15:00:00.000+09:00"
"331","320","ハウトゥー世界征服","2021-04-30T15:00:00.000+09:00"
"332","321","鳥の詩","2021-05-01T15:00:00.000+09:00"
"333","322","CORE PRIDE","2021-05-02T15:00:00.000+09:00"
"334","323","Happy Girl","2021-05-03T15:00:00.000+09:00"
"335","324","春〜spring〜","2021-05-04T15:00:00.000+09:00"
"336","325","ラムのラブソング","2021-05-05T15:00:00.000+09:00"
"337","326","overtuRe","2021-05-07T15:00:00.000+09:00"
"338","327","My Dearest","2021-05-11T15:00:00.000+09:00"
"339","328","Domination to world","2021-05-21T15:00:00.000+09:00"
"340","329","カナユメ","2021-05-31T15:00:00.000+09:00"
"341","330","ないすみちゅっ！","2021-06-18T21:00:00.000+09:00"
"343","331","大河よ共に泣いてくれ","2021-06-20T15:00:00.000+09:00"
"342","332","徒花ネクロマンシー","2021-06-20T15:00:00.000+09:00"
"344","333","Sing Alive","2021-06-25T15:00:00.000+09:00"
"345","334","ヒューマノイド","2021-06-30T15:00:00.000+09:00"
"349","335","ここから先は歌にならない","2021-07-03T15:00:00.000+09:00"
"350","336","Singing “OURS”","2021-07-04T15:00:00.000+09:00"
"346","337","Sprechchor","2021-07-11T15:00:00.000+09:00"
"347","338","Secret Dawn","2021-07-21T15:00:00.000+09:00"
"348","339","灼熱 Bonfire!","2021-07-31T15:00:00.000+09:00"
"351","340","DAYS of DASH","2021-07-31T15:00:00.000+09:00"
"353","341","絆色のアンサンブル","2021-08-20T15:00:00.000+09:00"
"352","342","COLORFUL BOX","2021-08-20T21:00:00.000+09:00"
"354","343","夏に閉じこめて","2021-08-22T15:00:00.000+09:00"
"357","344","ラスハピーポー！","2021-08-27T15:00:00.000+09:00"
"360","345","Sacred world","2021-08-29T21:30:00.000+09:00"
"356","346","Trouble Joyful!!","2021-08-31T15:00:00.000+09:00"
"355","347","競宴Red×Violet","2021-09-03T15:00:00.000+09:00"
"358","348","ン・パカマーチ","2021-09-10T15:00:00.000+09:00"
"359","349","HELL! or HELL?","2021-09-19T15:00:00.000+09:00"
"361","350","KING","2021-09-20T15:00:00.000+09:00"
"362","351","きらっ☆と キミフェス！","2021-09-30T15:00:00.000+09:00"
"363","352","TOMORROW","2021-09-30T15:00:00.000+09:00"
"364","353","ピコたるもの、ふぃーばー！","2021-10-07T23:00:00.000+09:00"
"365","354","fly with the night","2021-10-10T15:00:00.000+09:00"
"374","355","Fateful...","2021-10-19T15:00:00.000+09:00"
"367","356","ファンサ","2021-10-22T15:00:00.000+09:00"
"369","357","ぼなぺてぃーと♡Ｓ","2021-10-23T15:00:00.000+09:00"
"368","358","あの夢をなぞって","2021-10-24T15:00:00.000+09:00"
"375","359","Embrace of light","2021-10-28T15:00:00.000+09:00"
"366","360","ナカナ イナ カナイ","2021-10-29T21:00:00.000+09:00"
"376","361","ベノム","2021-10-30T15:00:00.000+09:00"
"370","362","パッパレ☆人生！バーン万歳！","2021-10-31T15:00:00.000+09:00"
"371","363","勇気Limit！","2021-11-10T15:00:00.000+09:00"
"372","364","Off we go.","2021-11-20T15:00:00.000+09:00"
"381","365","イントロダクション","2021-11-30T15:00:00.000+09:00"
"373","366","Our Carol","2021-11-30T15:00:00.000+09:00"
"382","367","怪物","2021-11-30T15:00:00.000+09:00"
"379","368","Keep the Heat and Fire Yourself Up","2021-12-04T21:30:00.000+09:00"
"378","369","COLORS","2021-12-11T15:00:00.000+09:00"
"380","370","SPARK-AGAIN","2021-12-19T21:00:00.000+09:00"
"383","371","CORUSCATE -DNA-","2021-12-21T15:00:00.000+09:00"
"386","372","DEPARTURES","2021-12-24T15:00:00.000+09:00"
"389","373","シル・ヴ・プレジデント","2021-12-31T15:00:00.000+09:00"
"384","374","ヒトリゴト","2021-12-31T15:00:00.000+09:00"
"390","375","ぽっぴん'どりーむ！","2022-01-01T15:00:00.000+09:00"
"388","376","グッバイ宣言","2022-01-01T15:00:00.000+09:00"
"387","377","曇天","2022-01-02T15:00:00.000+09:00"
"391","378","星の約束","2022-01-08T15:00:00.000+09:00"
"392","379","ハッピー☆マテリアル","2022-01-11T15:00:00.000+09:00"
"393","380","現るっ！大怪盗ハロハッピー！","2022-01-21T15:00:00.000+09:00"
"394","381","Listen!!","2022-01-31T15:00:00.000+09:00"
"397","382","Just Awake","2022-02-07T22:00:00.000+09:00"
"398","383","One step at a time","2022-02-10T15:00:00.000+09:00"
"399","384","Repaint","2022-02-14T15:00:00.000+09:00"
"400","385","CATASTROPHE BANQUET","2022-02-19T15:00:00.000+09:00"
"401","386","月光花","2022-02-28T15:00:00.000+09:00"
"410","387","閃光","2022-03-11T17:00:00.000+09:00"
"402","388","CiRCLE THANKS MUSiC♪","2022-03-11T17:00:00.000+09:00"
"411","389","廻廻奇譚","2022-03-11T17:00:00.000+09:00"
"405","390","春を告げる","2022-03-13T15:00:00.000+09:00"
"403","391","ヴァンパイア","2022-03-14T15:00:00.000+09:00"
"404","392","メンタルチェンソー","2022-03-15T15:00:00.000+09:00"
"408","393","unravel","2022-03-16T15:00:00.000+09:00"
"413","394","DRIVE US CRAZY","2022-03-17T15:00:00.000+09:00"
"406","395","Realize","2022-03-17T15:00:00.000+09:00"
"396","396","Brand new Pastel Road！","2022-03-18T15:00:00.000+09:00"
"412","397","[FULL] CiRCLE THANKS MUSiC♪","2022-03-18T15:00:00.000+09:00"
"395","398","Sparkling Daydream","2022-03-18T15:00:00.000+09:00"
"409","399","脳漿炸裂ガール","2022-03-19T15:00:00.000+09:00"
"407","400","くちづけDiamond","2022-03-20T15:00:00.000+09:00"
"414","401","サクラゼンセン","2022-03-31T15:00:00.000+09:00"
"415","402","Freedom","2022-04-10T15:00:00.000+09:00"
"416","403","THE HISTORIC...","2022-04-20T15:00:00.000+09:00"
"417","404","Light a fire","2022-04-27T15:00:00.000+09:00"
"418","405","青空のラプソディ","2022-04-28T15:00:00.000+09:00"
"419","406","秘密の扉から会いにきて","2022-04-30T15:00:00.000+09:00"
"420","407","あこがれacross","2022-05-03T15:00:00.000+09:00"
"421","408","おもいやりハーモニー","2022-05-11T15:00:00.000+09:00"
"423","409","トーキョーワンダー。","2022-05-21T15:00:00.000+09:00"
"422","410","Cry Baby","2022-05-21T15:00:00.000+09:00"
"431","411","ROZEN HORIZON","2022-05-22T22:00:00.000+09:00"
"424","412","ハレハレ☆フォーチュン","2022-05-31T15:00:00.000+09:00"
"425","413","SWITCH ON NOW","2022-06-18T21:00:00.000+09:00"
"432","414","SOUL SOLDIER","2022-06-19T22:00:00.000+09:00"
"426","415","メギツネ","2022-06-19T22:00:00.000+09:00"
"427","416","ボクノート","2022-06-20T15:00:00.000+09:00"
"428","417","Happy! Happier! Happiest!","2022-06-30T15:00:00.000+09:00"
"430","418","Preserved Roses","2022-06-30T15:00:00.000+09:00"
"429","419","ヒャダインのじょーじょーゆーじょー","2022-06-30T15:00:00.000+09:00"
"433","420","大好き！","2022-07-11T15:00:00.000+09:00"
"434","421","Swear 〜Night & Day〜","2022-07-21T15:00:00.000+09:00"
"435","422","寄る辺のSunny, Sunny","2022-07-30T00:00:00.000+09:00"
"436","423","カラフルリバティー","2022-07-31T15:00:00.000+09:00"
"437","424","ハナヒバナ","2022-08-11T15:00:00.000+09:00"
"439","425","STYX HELIX","2022-08-20T15:00:00.000+09:00"
"438","426","Memento","2022-08-20T15:00:00.000+09:00"
"440","427","THE WAY OF LIFE","2022-08-31T15:00:00.000+09:00"
"442","428","独創収差","2022-09-12T15:00:00.000+09:00"
"443","429","うちゃパ！で ぱっぴかポーんっ！","2022-09-12T15:00:00.000+09:00"
"444","430","abnormalize","2022-09-12T15:00:00.000+09:00"
"446","431","狂乱 Hey Kids!!","2022-09-21T15:00:00.000+09:00"
"441","432","The Circle Of Butterflies","2022-09-23T22:00:00.000+09:00"
"445","433","divine intervention","2022-09-23T22:00:00.000+09:00"
"447","434","Moonlight Walk","2022-09-24T22:00:00.000+09:00"
"448","435","Invincible Fighter","2022-09-25T22:00:00.000+09:00"
"449","436","Takin’ my Heart","2022-09-25T22:00:00.000+09:00"
"451","437","Punchline Halloween!!!","2022-09-29T15:00:00.000+09:00"
"450","438","スカイクラッドの観測者","2022-09-29T15:00:00.000+09:00"
"452","439","Future Place","2022-10-10T15:00:00.000+09:00"
"456","440","Storyteller","2022-10-29T15:00:00.000+09:00"
"455","441","Nameless Story","2022-10-29T15:00:00.000+09:00"
"453","442","Dear Gleam","2022-11-08T15:00:00.000+09:00"
"457","443","DEAD HEAT BEAT","2022-11-19T15:00:00.000+09:00"
"458","444","ミックスナッツ","2022-11-30T15:00:00.000+09:00"
"459","445","VORACITY","2022-11-30T15:00:00.000+09:00"
"460","446","えがお、あーゆーれでぃ???","2022-12-21T15:00:00.000+09:00"
"461","447","スターナイトスノウ","2022-12-24T15:00:00.000+09:00"
"462","448","シル・ヴ・プレジデント","2022-12-30T15:00:00.000+09:00"
"463","449","もってけ！セーラーふく","2022-12-31T15:00:00.000+09:00"
"464","450","乙女はサイコパス","2022-12-31T15:00:00.000+09:00"
"465","451","群青","2023-01-01T15:00:00.000+09:00"
"466","452","フォニイ","2023-01-01T15:00:00.000+09:00"
"467","453","閃光","2023-01-02T15:00:00.000+09:00"
"468","454","転生林檎","2023-01-02T15:00:00.000+09:00"
"469","455","Five Letters","2023-01-11T15:00:00.000+09:00"
"470","456","IGNITE GLOW","2023-01-21T15:00:00.000+09:00"
"471","457","Sweet Cheers!","2023-01-31T15:00:00.000+09:00"
"472","458","ようこそジャパリパークへ","2023-02-10T15:00:00.000+09:00"
"473","459","一逢のFull Glory","2023-02-19T15:00:00.000+09:00"
"474","460","YELL","2023-02-28T15:00:00.000+09:00"
"475","461","See you! 〜それぞれの明日へ〜","2023-03-08T15:00:00.000+09:00"
"476","462","RiNG A BELL","2023-03-15T17:00:00.000+09:00"
"485","463","Glee! Glee! Glee!","2023-03-15T17:00:00.000+09:00"
"478","464","五等分の気持ち","2023-03-15T17:00:00.000+09:00"
"477","465","新時代","2023-03-15T17:00:00.000+09:00"
"484","466","キズナミュージック♪（3Dライブモード対応）","2023-03-16T15:00:00.000+09:00"
"479","467","命に嫌われている。","2023-03-16T15:00:00.000+09:00"
"480","468","＊ ～アスタリスク～","2023-03-17T15:00:00.000+09:00"
"481","469","ALIVE","2023-03-18T15:00:00.000+09:00"
"482","470","ダーリンダンス","2023-03-19T15:00:00.000+09:00"
"483","471","神っぽいな","2023-03-20T15:00:00.000+09:00"
"488","472","Made My Day","2023-03-25T15:00:00.000+09:00"
"489","473","迷星叫","2023-04-09T20:00:00.000+09:00"
"490","474","新しい季節に","2023-04-18T15:00:00.000+09:00"
"491","475","花呼ぶ声","2023-04-28T15:00:00.000+09:00"
"493","476","最強☆ソング","2023-04-29T15:00:00.000+09:00"
"494","477","ヒロイン育成計画","2023-04-29T15:00:00.000+09:00"
"496","478","少女レイ","2023-04-30T15:00:00.000+09:00"
"497","479","チューリングラブ","2023-05-01T15:00:00.000+09:00"
"498","480","踊","2023-05-02T15:00:00.000+09:00"
"499","481","アイウエ","2023-05-03T15:00:00.000+09:00"
"492","482","Call the shots","2023-05-08T21:00:00.000+09:00"
"495","483","DANCING DARING","2023-05-10T15:00:00.000+09:00"
"503","484","酔いどれ知らず","2023-05-14T15:00:00.000+09:00"
"500","485","Angel's Ladder","2023-05-21T15:00:00.000+09:00"
"501","486","惑星ループ","2023-05-31T15:00:00.000+09:00"
"504","487","キミを れっつ・はぶ・ふぁん♪","2023-06-10T15:00:00.000+09:00"
"502","488","心絵","2023-06-21T15:00:00.000+09:00"
"512","489","壱雫空","2023-06-27T23:30:00.000+09:00"
"513","490","栞","2023-06-29T23:30:00.000+09:00"
"507","491","CHAINSAW BLOOD","2023-06-30T15:00:00.000+09:00"
"508","492","ファイトソング","2023-06-30T15:00:00.000+09:00"
"509","493","オドループ","2023-07-10T15:00:00.000+09:00"
"514","494","QUEEN","2023-07-14T15:00:00.000+09:00"
"510","495","ペトリコール・オベーション","2023-07-20T15:00:00.000+09:00"
"521","496","極彩色","2023-07-20T15:00:00.000+09:00"
"515","497","碧天伴走","2023-07-27T23:30:00.000+09:00"
"511","498","Sunlit Musical","2023-07-29T15:00:00.000+09:00"
"519","499","私色きらめき日和","2023-07-29T15:00:00.000+09:00"
"516","500","Get Wild","2023-07-29T15:00:00.000+09:00"
"517","501","愛のしるし","2023-07-30T15:00:00.000+09:00"
"518","502","HOT LIMIT","2023-07-31T15:00:00.000+09:00"
"522","503","詩超絆","2023-08-17T23:30:00.000+09:00"
"523","504","ボクらの夏's☆ショーたいむっ！！","2023-08-29T21:00:00.000+09:00"
"524","505","ふぁいぶスマイル◯オールインっ！","2023-08-29T21:00:00.000+09:00"
"506","506","ダンスホール","2023-08-29T21:00:00.000+09:00"
"527","507","ほな！","2023-08-31T15:00:00.000+09:00"
"526","508","燦々","2023-08-31T15:00:00.000+09:00"
"529","509","チルドレンレコード(Re:boot)","2023-08-31T15:00:00.000+09:00"
"525","510","迷路日々","2023-08-31T23:30:00.000+09:00"
"532","511","祝福","2023-09-08T15:00:00.000+09:00"
"533","512","可愛くてごめん","2023-09-09T15:00:00.000+09:00"
"534","513","エゴロック","2023-09-10T15:00:00.000+09:00"
"535","514","D-tecnoLife","2023-09-11T15:00:00.000+09:00"
"536","515","サウダージ","2023-09-12T15:00:00.000+09:00"
"537","516","ヒバナ-Reloaded-","2023-09-13T15:00:00.000+09:00"
"538","517","トウキョウ・シャンディ・ランデヴ","2023-09-14T15:00:00.000+09:00"
"530","518","音がえしのセレナーデ","2023-09-14T21:00:00.000+09:00"
"539","519","Be born","2023-09-15T15:00:00.000+09:00"
"540","520","影色舞","2023-09-15T19:00:00.000+09:00"
"545","521","猛独が襲う","2023-09-15T19:00:00.000+09:00"
"542","522","歌いましょう鳴らしましょう","2023-09-16T00:00:00.000+09:00"
"546","523","swim","2023-09-16T15:00:00.000+09:00"
"543","524","THRONE OF ROSE","2023-09-16T21:30:00.000+09:00"
"548","525","everyday flower","2023-09-23T15:00:00.000+09:00"
"547","526","ヴィラン","2023-09-29T15:00:00.000+09:00"
"520","527","Ever Sky Blue","2023-10-05T22:00:00.000+09:00"
"549","528","BATTLE CRY","2023-10-10T15:00:00.000+09:00"
"550","529","裸の勇者","2023-10-20T15:00:00.000+09:00"
"551","530","That's why I'm here","2023-10-31T15:00:00.000+09:00"
"552","531","テレキャスタービーボーイ","2023-10-31T15:00:00.000+09:00"
"557","532","青春 To Be Continued","2023-11-03T21:30:00.000+09:00"
"505","533","-N-E-M-E-S-I-S-","2023-11-05T21:30:00.000+09:00"
"544","534","聖少女領域","2023-11-09T23:30:00.000+09:00"
"553","535","処救生","2023-11-10T15:00:00.000+09:00"
"554","536","Chu Chueen!","2023-11-20T15:00:00.000+09:00"
"556","537","東京テディベア","2023-11-30T15:00:00.000+09:00"
"555","538","Merry Merry Thanks!!","2023-12-08T21:00:00.000+09:00"
"558","539","覚悟のLiberation","2023-12-10T15:00:00.000+09:00"
"559","540","らいふ・いず・みゅーじかるっ♪♪♪","2023-12-21T15:00:00.000+09:00"
"560","541","擬態ごっこ","2023-12-23T15:00:00.000+09:00"
"561","542","Stellar Stellar","2023-12-23T15:00:00.000+09:00"
"562","543","粉雪","2023-12-24T15:00:00.000+09:00"
"567","544","強風オールバック","2023-12-26T15:00:00.000+09:00"
"570","545","第ゼロ感","2023-12-27T15:00:00.000+09:00"
"563","546","Overdose","2023-12-28T15:00:00.000+09:00"
"568","547","ホワイトノイズ","2023-12-29T15:00:00.000+09:00"
"569","548","カオスが極まる","2023-12-30T15:00:00.000+09:00"
"565","549","slash","2023-12-31T15:00:00.000+09:00"
"566","550","私は最強","2024-01-01T15:00:00.000+09:00"
"564","551","魔法少女とチョコレゐト","2024-01-02T15:00:00.000+09:00"
"571","552","グッド・バイ","2024-01-03T15:00:00.000+09:00"
"572","553","Radiate Warriors","2024-01-10T15:00:00.000+09:00"
"574","554","Ahoy!! 我ら宝鐘海賊団☆","2024-01-13T15:00:00.000+09:00"
"573","555","Fleur","2024-01-13T15:00:00.000+09:00"
"575","556","Lioness' Pride","2024-01-13T15:00:00.000+09:00"
"577","557","A Sunset So Bright","2024-01-22T15:00:00.000+09:00"
"578","558","どりーみんチュチュ","2024-01-31T15:00:00.000+09:00"
"582","559","ドラマチック！アライブ","2024-02-09T15:00:00.000+09:00"
"583","560","ReReReエボリューションず☆","2024-02-09T15:00:00.000+09:00"
"579","561","Ray of hope","2024-02-10T15:00:00.000+09:00"
"584","562","VIOLET LINE","2024-02-17T21:00:00.000+09:00"
"580","563","輪符雨","2024-02-20T15:00:00.000+09:00"
"581","564","蒼穹へのトレイル","2024-02-29T15:00:00.000+09:00"
"585","565","Always recall.","2024-03-07T15:00:00.000+09:00"
"586","566","誓いのWingbeat","2024-03-10T18:42:00.000+09:00"
"587","567","アイドル","2024-03-16T00:00:00.000+09:00"
"588","568","青のすみか","2024-03-17T15:00:00.000+09:00"
"589","569","乙女解剖","2024-03-18T15:00:00.000+09:00"
"590","570","ノンブレス・オブリージュ","2024-03-19T15:00:00.000+09:00"
"591","571","きゅうくらりん","2024-03-20T15:00:00.000+09:00"
"592","572","かくれんぼ","2024-03-21T15:00:00.000+09:00"
"593","573","ボッカデラベリタ","2024-03-22T15:00:00.000+09:00"
"594","574","怪獣の花唄","2024-03-23T15:00:00.000+09:00"
"599","575","トレモロアイズ","2024-03-31T15:00:00.000+09:00"
"600","576","むすんでわらって","2024-04-10T15:00:00.000+09:00"
"601","577","両翼のBrilliance","2024-04-14T20:00:00.000+09:00"
"602","578","Life on the Lotus","2024-04-20T15:00:00.000+09:00"
"595","579","「僕は...」","2024-04-29T15:00:00.000+09:00"
"604","580","トリドリ＊パレット","2024-04-30T15:00:00.000+09:00"
"605","581","メランコリックララバイ","2024-05-01T15:00:00.000+09:00"
"606","582","V.I.P MONSTER","2024-05-02T15:00:00.000+09:00"
"607","583","サンバロハッピ〜！","2024-05-03T15:00:00.000+09:00"
"608","584","SOUVENIR","2024-05-04T15:00:00.000+09:00"
"609","585","Floral Haven","2024-05-05T15:00:00.000+09:00"
"610","586","逆光","2024-05-06T15:00:00.000+09:00"
"603","587","フレっとパレットFight Song!!","2024-05-08T21:00:00.000+09:00"
"611","588","Glowing After","2024-05-10T15:00:00.000+09:00"
"612","589","Wreath of Brave","2024-05-21T15:00:00.000+09:00"
"613","590","ギミー！レボリューション","2024-05-31T15:00:00.000+09:00"
"614","591","雨上がり、キミと","2024-06-11T15:00:00.000+09:00"
"615","592","SOULSOUP","2024-06-20T15:00:00.000+09:00"
"616","593","Sage der Rosen","2024-06-26T15:00:00.000+09:00"
"617","594","ココ☆ナツ","2024-06-30T15:00:00.000+09:00"
"618","595","礎の花冠","2024-07-10T15:00:00.000+09:00"
"619","596","Listen to Smile!","2024-07-21T15:00:00.000+09:00"
"624","597","名無声","2024-07-27T20:30:00.000+09:00"
"620","598","Surges","2024-08-08T21:00:00.000+09:00"
"621","599","With〜きみとわたしたちの物語〜","2024-08-10T15:00:00.000+09:00"
"454","600","だから、ひとりじゃない","2024-08-10T15:00:00.000+09:00"
"622","601","Start as Usual","2024-08-21T15:00:00.000+09:00"
"623","602","Bad Kids All Bet","2024-08-31T15:00:00.000+09:00"
"626","603","ちゅ、多様性。","2024-09-10T18:00:00.000+09:00"
"627","604","勇者","2024-09-11T15:00:00.000+09:00"
"628","605","オトナブルー","2024-09-12T15:00:00.000+09:00"
"629","606","人マニア","2024-09-13T15:00:00.000+09:00"
"630","607","クラクラ","2024-09-14T15:00:00.000+09:00"
"631","608","Bling-Bang-Bang-Born","2024-09-15T15:00:00.000+09:00"
"632","609","カゲロウデイズ","2024-09-16T15:00:00.000+09:00"
"633","610","雑踏、僕らの街","2024-09-17T15:00:00.000+09:00"
"625","611","花咲く未来に","2024-09-18T21:00:00.000+09:00"
"634","612","輪舞-revolution","2024-09-20T15:00:00.000+09:00"
"635","613","過惰幻","2024-09-27T15:00:00.000+09:00"
"636","614","ティリカモニカリラ","2024-09-29T15:00:00.000+09:00"
"637","615","サインはB","2024-10-04T15:00:00.000+09:00"
"638","616","FRONTIER FANTASIA","2024-10-09T15:00:00.000+09:00"
"639","617","ファタール","2024-10-18T15:00:00.000+09:00"
"640","618","すきっちゅーの！","2024-10-20T15:00:00.000+09:00"
"641","619","ハイタッチ／＼びりーばーず☆","2024-10-31T15:00:00.000+09:00"
"642","620","歩拾道","2024-11-08T15:00:00.000+09:00"
"643","621","DOKI DOKI SCARY","2024-11-10T15:00:00.000+09:00"
"644","622","遥か彼方","2024-11-20T15:00:00.000+09:00"
"645","623","ホワイト ノスタルジア","2024-11-30T15:00:00.000+09:00"
"662","624","JUST THE WAY I AM","2024-12-08T21:30:00.000+09:00"
"646","625","“Say cheese!!!!!”","2024-12-10T15:00:00.000+09:00"
"647","626","VIVID FIRST TIME","2024-12-21T15:00:00.000+09:00"
"648","627","Subtitle","2024-12-24T15:00:00.000+09:00"
"649","628","迷星叫(パラレルver.)","2024-12-25T15:00:00.000+09:00"
"650","629","TARINAI","2024-12-26T15:00:00.000+09:00"
"651","630","愛包ダンスホール","2024-12-27T15:00:00.000+09:00"
"652","631","WELCOME TO PANDEMONIUM","2024-12-28T15:00:00.000+09:00"
"653","632","幾億光年","2024-12-29T15:00:00.000+09:00"
"654","633","Tempest","2024-12-30T15:00:00.000+09:00"
"655","634","シカ色デイズ","2024-12-31T15:00:00.000+09:00"
"657","635","悪魔の子","2025-01-01T15:00:00.000+09:00"
"531","636","Ave Mujica","2025-01-02T15:00:00.000+09:00"
"658","637","マルカリアンチェイン","2025-01-02T15:00:00.000+09:00"
"659","638","KiLLKiSS","2025-01-03T00:00:00.000+09:00"
"660","639","Blessing Chord(パラレルver.)","2025-01-03T15:00:00.000+09:00"
"656","640","STEP by STEP UP↑↑↑↑","2025-01-08T21:00:00.000+09:00"
"661","641","Georgette Me, Georgette You","2025-01-10T00:00:00.000+09:00"
"663","642","Steer to Utopia","2025-01-10T15:00:00.000+09:00"
"664","643","れっつ・スマイル・すとり〜みんぐっ♪","2025-01-21T15:00:00.000+09:00"
"665","644","Grateful Melting","2025-02-08T21:00:00.000+09:00"
"666","645","花笑みのデュオ","2025-02-10T15:00:00.000+09:00"
"667","646","春日影","2025-02-14T00:00:00.000+09:00"
"668","647","音一会","2025-02-19T15:00:00.000+09:00"
"669","648","とっておきAnswer","2025-02-28T15:00:00.000+09:00"
"670","649","Imprisoned XII","2025-03-07T00:00:00.000+09:00"
"671","650","Crucifix X","2025-03-07T00:00:00.000+09:00"
"672","651","HOWLING AMBITION","2025-03-08T15:00:00.000+09:00"
"674","652","ひとりじゃないんだから(パラレルver.)","2025-03-15T18:00:00.000+09:00"
"673","653","はいよろこんで","2025-03-15T18:00:00.000+09:00"
"675","654","最上級にかわいいの！","2025-03-17T15:00:00.000+09:00"
"676","655","オレンジ","2025-03-18T15:00:00.000+09:00"
"688","656","again","2025-03-19T15:00:00.000+09:00"
"677","657","Reweave","2025-03-20T15:00:00.000+09:00"
"678","658","フィクション","2025-03-21T15:00:00.000+09:00"
"679","659","第六感","2025-03-22T15:00:00.000+09:00"
"680","660","だれかの心臓になれたなら","2025-03-23T15:00:00.000+09:00"
"681","661","えがおのオーケストラっ！(パラレルver.)","2025-03-24T15:00:00.000+09:00"
"682","662","八芒星ダンス","2025-03-28T00:00:00.000+09:00"
"683","663","聿日箋秋","2025-03-29T15:00:00.000+09:00"
"684","664","焚音打","2025-03-30T19:00:00.000+09:00"
"687","665","デイオフ・ラフ・ラブ・サンクス","2025-03-31T15:00:00.000+09:00"
"685","666","顔","2025-03-31T15:00:00.000+09:00"
"686","667","天球(そら)のMúsica","2025-04-01T15:00:00.000+09:00"
"690","668","Second to None","2025-04-10T15:00:00.000+09:00"
"691","669","やっほー！いっぽ！わんだふぉー！","2025-04-20T15:00:00.000+09:00"
"703","670","Polyphonyscape","2025-04-29T15:00:00.000+09:00"
"704","671","ロケットサイダー","2025-04-30T15:00:00.000+09:00"
"693","672","REIGNING","2025-05-01T15:00:00.000+09:00"
"694","673","Y.O.L.O！！！！！(パスパレver.)","2025-05-02T15:00:00.000+09:00"
"695","674","Bunny Girl","2025-05-03T15:00:00.000+09:00"
"696","675","Dazzle the Destiny","2025-05-04T15:00:00.000+09:00"
"697","676","最高到達点","2025-05-05T15:00:00.000+09:00"
"698","677","潜在表明","2025-05-06T15:00:00.000+09:00"
"699","678","雪華は無常に微笑む","2025-05-07T15:00:00.000+09:00"
"692","679","Portray Empathy","2025-05-08T21:00:00.000+09:00"
"700","680","Against the Light","2025-05-10T15:00:00.000+09:00"
"701","681","Tomorrow’s Door","2025-05-21T15:00:00.000+09:00"
"702","682","愛唄","2025-05-31T15:00:00.000+09:00"
"705","683","黒のバースデイ","2025-06-10T15:00:00.000+09:00"
"706","684","FIVE as ONE","2025-06-20T15:00:00.000+09:00"
"717","685","Requiem for Fate","2025-06-26T15:00:00.000+09:00"
"708","686","Feathered Dreams","2025-07-05T15:00:00.000+09:00"
"707","687","つよがるガール feat. もっさ","2025-07-08T21:00:00.000+09:00"
"709","688","Shine ☆n My Life!","2025-07-10T15:00:00.000+09:00"
"710","689","走り始めたばかりのキミに(パラレルver.)","2025-07-10T15:00:00.000+09:00"
"711","690","flame of hope(パラレルver.)","2025-07-11T15:00:00.000+09:00"
"712","691","Drive Your Heart","2025-07-12T15:00:00.000+09:00"
"713","692","紫炎","2025-07-19T15:00:00.000+09:00"
"714","693","Steadfast Spirits","2025-07-20T15:00:00.000+09:00"
"715","694","残痕字","2025-07-26T15:00:00.000+09:00"
"716","695","アイワナムチュー","2025-07-31T15:00:00.000+09:00"
"718","696","Color of Us","2025-08-02T15:00:00.000+09:00"
"719","697","往欄印","2025-08-07T21:00:00.000+09:00"
"720","698","スタ〜リング ☆じぶん☆","2025-08-09T15:00:00.000+09:00"
"721","699","とーくとぅみー・とーくとぅゆー","2025-08-10T15:00:00.000+09:00"
"722","700","百花繚乱","2025-08-20T15:00:00.000+09:00"
"723","701","スキ×すき×カラフリィ","2025-08-23T15:00:00.000+09:00"
"724","702","Resonant Strings","2025-08-31T15:00:00.000+09:00"
"725","703","'FIGHT' ADDICT","2025-09-06T15:00:00.000+09:00"
"727","704","季節は次々死んでいく","2025-09-10T18:00:00.000+09:00"
"728","705","ビューティ・フォー","2025-09-11T15:00:00.000+09:00"
"729","706","オン・ザ・フロントライン","2025-09-11T15:00:00.000+09:00"
"730","707","BROKEN GAMES","2025-09-12T15:00:00.000+09:00"
"731","708","恋愛サーキュレーション","2025-09-13T15:00:00.000+09:00"
"732","709","Fallen","2025-09-14T15:00:00.000+09:00"
"733","710","怪獣","2025-09-15T15:00:00.000+09:00"
"734","711","POP IN 2","2025-09-16T15:00:00.000+09:00"
"735","712","エガクミライ","2025-09-17T15:00:00.000+09:00"
"736","713","Velonica","2025-09-17T15:00:00.000+09:00"
"726","714","Feel so good!","2025-09-17T21:00:00.000+09:00"
"737","715","Mas?uerade Rhapsody Re?uest","2025-09-19T15:00:00.000+09:00"
"738","716","Part of the Life","2025-09-20T15:00:00.000+09:00"
"739","717","BIBIBABI BRAVER","2025-09-29T15:00:00.000+09:00"
"740","718","元祖！バンドリちゃんのテーマ","2025-10-02T22:30:00.000+09:00"
"741","719","世界中の青空をあつめて","2025-10-10T15:00:00.000+09:00"
"742","720","きみCharmin'","2025-10-21T15:00:00.000+09:00"
"743","721","Sincerely","2025-11-08T21:00:00.000+09:00"
"744","722","じょいふる","2025-11-10T15:00:00.000+09:00"
"745","723","♡桃色片想い♡","2025-11-20T15:00:00.000+09:00"
"746","724","Fear Nothing","2025-11-30T15:00:00.000+09:00"
"747","725","白い雪のプリンセスは","2025-12-10T15:00:00.000+09:00"
"748","726","まぶしいねっ☆ そのえがお！","2025-12-21T15:00:00.000+09:00"
"749","727","恋人がサンタクロース","2025-12-24T15:00:00.000+09:00"
"750","728","スマイリーキャロル","2025-12-25T15:00:00.000+09:00"
"751","729","ミラクルペイント","2025-12-25T15:00:00.000+09:00"
"752","730","Singer","2025-12-26T15:00:00.000+09:00"
"753","731","手を叩け今ここで祈るだけ願うだけ","2025-12-27T15:00:00.000+09:00"
"754","732","端程山","2025-12-28T15:00:00.000+09:00"
"755","733","Drown Out the Noise and Push Through the Trash","2025-12-29T15:00:00.000+09:00"
"756","734","I wonder","2025-12-30T15:00:00.000+09:00"
"758","735","Same Blue","2025-12-31T15:00:00.000+09:00"
"759","736","デビルじゃないもん","2026-01-01T15:00:00.000+09:00"
"760","737","イケナイ太陽","2026-01-02T15:00:00.000+09:00"
"761","738","きゅ〜まい＊flower(パラレルver.)","2026-01-03T15:00:00.000+09:00"
"762","739","Determination Symphony(パラレルver.)","2026-01-04T15:00:00.000+09:00"
"763","740","熱色スターマイン(パラレルver.)","2026-01-05T15:00:00.000+09:00"
"757","741","マツケンサンバII","2026-01-08T21:00:00.000+09:00"
"764","742","Shining Leaves","2026-01-10T15:00:00.000+09:00"
"765","743","START!! True dreams","2026-01-14T15:00:00.000+09:00"
"766","744","RUNAWAY STAR","2026-01-21T15:00:00.000+09:00"
"767","745","Choco Typhooooon!!","2026-01-31T15:00:00.000+09:00"
"768","746","どきどきデエト","2026-02-09T15:00:00.000+09:00"
"770","747","Wonder Night Land","2026-02-17T15:00:00.000+09:00"
"771","748","Talk to My Tone","2026-02-18T15:00:00.000+09:00"
"772","749","Thanks to you.","2026-02-27T15:00:00.000+09:00"
"773","750","かぽーんっと極楽☆ 湯〜とぴあ！","2026-03-07T15:00:00.000+09:00"
"774","751","MATSURI BAYASHI","2026-03-13T18:00+09:00"
"775","752","メロウ","2026-03-15T15:00:00.000+09:00"
"776","753","DAY×DAY","2026-03-16T15:00:00.000+09:00"
"777","754","革命道中","2026-03-17T15:00:00.000+09:00"
"778","755","HONEY","2026-03-18T15:00:00.000+09:00"
"779","756","金曜日のおはよう","2026-03-19T15:00:00.000+09:00"
"780","757","許婚っきゅん","2026-03-20T15:00:00.000+09:00"
"781","758","過去を喰らう","2026-03-21T15:00:00.000+09:00"
"782","759","Game Changer","2026-03-22T20:00:00.000+09:00"
"783","760","COMIC PANIC!!!(パラレルver.)","2026-03-23T15:00:00.000+09:00"
"784","761","灼熱 Bonfire!(パラレルver.)","2026-03-24T15:00:00.000+09:00"
"785","762","Painting New Dawn","2026-03-31T15:00:00.000+09:00"
"790","763","ときめきエクスペリエンス！ (月島まりなver.)","2026-04-01T00:00:00.000+09:00"
"787","764","ヒカリへ","2026-04-10T15:00:00.000+09:00"
"788","765","証は赫く","2026-04-20T15:00:00.000+09:00"
"791","766","絶対零度","2026-04-29T15:00:00.000+09:00"
"792","767","舞台に立って","2026-04-30T15:00:00.000+09:00"
"793","768","XV","2026-05-01T15:00:00.000+09:00"
"794","769","超最強","2026-05-02T15:00:00.000+09:00"
"795","770","ランデヴー","2026-05-03T15:00:00.000+09:00"
"796","771","無路矢","2026-05-04T15:00:00.000+09:00"
"797","772","ココロのちず","2026-05-05T15:00:00.000+09:00"
"798","773","胡蝶翔る星月夜","2026-05-06T15:00:00.000+09:00"
"789","774","WHAT AN EXPLOSION","2026-05-08T21:00:00.000+09:00"
"799","775","Come to see YOU!!","2026-05-10T15:00:00.000+09:00"
"800","776","ほれぼれっ☆すまいるゴール！","2026-05-21T15:00:00.000+09:00"
"801","777","Amore","2026-05-31T15:00:00.000+09:00"
"802","778","who we aRe","2026-06-10T15:00:00.000+09:00"
"803","779","Wings of the Lights","2026-06-21T15:00:00.000+09:00"
"804","780","スターラブレイション","2026-07-08T21:00+09:00"
"805","781","夕影と歌う この先も","2026-07-10T15:00:00.000+09:00"
"806","782","Rainbow of Dreams","2026-07-20T15:00:00.000+09:00"
"807","783","ポニーテールとシュシュ","2026-07-31T15:00:00.000+09:00"
"808","784","I AM WHO I AM","2026-08-11T15:00:00.000+09:00"
"809","785","SUMMER SONG","2026-08-20T15:00:00.000+09:00"
"810","786","好き・スキ・だいすき〜ズっ！","2026-08-30T15:00:00.000+09:00"
"811","787","私の心はチョココロネ(パラレルver.)","2026-09-01T15:00:00.000+09:00"
"821","788","Resound the Way","2026-09-10T15:00+09:00"
"813","789","この蒼き闇と光","2026-09-10T18:00:00.000+09:00"
"814","790","勇侠青春謳","2026-09-10T18:00:00.000+09:00"
"815","791","盛れ！ミ・アモーレ","2026-09-11T15:00:00.000+09:00"
"820","792","オー！リバル","2026-09-12T15:00:00.000+09:00"
"816","793","浪漫飛行","2026-09-13T15:00:00.000+09:00"
"817","794","千の翼","2026-09-14T15:00:00.000+09:00"
"818","795","けっかおーらい","2026-09-15T15:00:00.000+09:00"
"819","796","悲しみなんて笑い飛ばせ","2026-09-16T15:00:00.000+09:00"
"822","797","ライムライト","2026-09-19T15:00+09:00"
"823","798","炎と森のカーニバル","2026-09-29T15:00+09:00"
